{
    "position": [
        9.110967186292157,
        -20.908883612352444,
        0.01
    ],
    "rotation_euler": [
        2.7706732455440406,
        -0.4015350378158178,
        3.1351195105394942
    ]
}