{
    "position": [
        -42.146035303751624,
        -22.223692928026516,
        46.11551943437759
    ],
    "rotation_euler": [
        0.9956371961952217,
        1.0478503523603608,
        3.110951860723041
    ]
}