{
    "position": [
        15.041317164784731,
        -8.021695884161543,
        0.01
    ],
    "rotation_euler": [
        3.1414802268759265,
        -0.014496047111808963,
        -0.005718983016168859
    ]
}