{
    "position": [
        12.67197900452436,
        -21.993937854924077,
        0.01
    ],
    "rotation_euler": [
        3.0624758042853437,
        -0.15554470708273205,
        3.1328012038345485
    ]
}