{
    "intrinsic": {
        "fx": 960.0,
        "fy": 960.0,
        "cx": 959.5,
        "cy": 539.5,
        "width": 1920,
        "height": 1080
    },
    "extrinsic": [
        [
            0.7648421993253196,
            0.6442176606352324,
            -3.900772788337936e-10,
            -7.237472305802133
        ],
        [
            -0.17232750182183815,
            0.20459443113961998,
            0.9635581462427834,
            -15.927009872023847
        ],
        [
            0.6207412029719367,
            -0.7369699668615095,
            0.2674988759347865,
            -92.16262522739824
        ],
        [
            0.0,
            0.0,
            0.0,
            1.0
        ]
    ]
}